{"stats":{"minecraft:mined":{"minecraft:birch_log":6,"minecraft:birch_leaves":5},"minecraft:custom":{"minecraft:jump":44,"minecraft:time_since_rest":3231,"minecraft:damage_dealt":20,"minecraft:leave_game":1,"minecraft:sprint_one_cm":16608,"minecraft:play_time":3231,"minecraft:time_since_death":3231,"minecraft:walk_one_cm":3382,"minecraft:sneak_time":7,"minecraft:total_world_time":3231,"minecraft:fall_one_cm":1254,"minecraft:fly_one_cm":9229},"minecraft:used":{"minecraft:cow_spawn_egg":2},"minecraft:picked_up":{"minecraft:birch_log":6}},"DataVersion":3465}